Id,Job Title,Company,Location,Date Posted,Position,Employment Type,Minimum Education,Category,Industry
198724,Project Manager  ,PGI Data,Jakarta,2023-04-03 06:38:05.915181+00:00,Mid-Senior Level Manager,Penuh waktu,Lulus program Sarjana (S1),IT and Software,Information Technology / IT
208282,IT System Analyst  ,PGI Data,Jakarta,2023-03-27 06:14:27.852017+00:00,Supervisor / Asisten Manager,Penuh waktu,Lulus program Sarjana (S1),IT and Software,Information Technology / IT
197693,Data Analytics Manager  ,PT Adicipta Inovasi Teknologi,Jakarta Barat,2023-04-06 02:20:33.531699+00:00,Mid-Senior Level Manager,Penuh waktu,Lulus program Sarjana (S1),IT and Software,Information Technology / IT
219866,DevOps and Data Engineer  ,Mobius Digital,Tangerang Selatan,2023-04-04 09:02:35.935010+00:00,Mid-Senior Level Manager,Penuh waktu,Lulus program Sarjana (S1),IT and Software,Information Technology / IT
208690,Network  Security Engineer  ,PGI Data,Jakarta,2023-04-05 07:54:25.152029+00:00,Supervisor / Asisten Manager,Penuh waktu,Lulus program Sarjana (S1),IT and Software,Information Technology / IT
218980,Data Quality Analyst  ,Astra Financial,Jakarta Pusat,2023-04-03 06:56:37.850649+00:00,Supervisor / Asisten Manager,Penuh waktu,Lulus program Sarjana (S1),IT and Software,Financial Services
221890,Data Scientist  ,Mobius Digital,Tangerang Selatan,2023-03-17 03:33:19.257256+00:00,Mid-Senior Level Manager,Penuh waktu,Lulus program Sarjana (S1),IT and Software,Information Technology / IT
216331,Data Entry  ,PT. Royal Trust,Jakarta Selatan,2023-03-31 03:23:45.773256+00:00,Lulusan Baru / Junior,Penuh waktu,Lulus SMA,Administration and Coordination,Investment Management / Hedge Fund / Private Equity
207054,Program Staf Pendukung Operasi (PSPO)  ,PT Bank Central Asia Tbk,Jakarta Pusat,2023-04-04 10:31:01.813514+00:00,Lulusan Baru / Junior,Penuh waktu,Lulus program Sarjana (S1),Administration and Coordination,Financial Services
219455,"Merchandiser FRESH (Chicken, Meat, and Fish Category) for PRIMARO  ",PRIMARO,Jakarta Barat,2023-04-11 09:22:34.222465+00:00,Lulusan Baru / Junior,Penuh waktu,Lulus program Sarjana (S1),Sales and Marketing,Information Technology / IT
202973,Android Developer  ,PhinCon ,Jakarta Selatan,2023-04-11 07:46:26.577773+00:00,Mid-Senior Level Manager,Penuh waktu,Lulus program Sarjana (S1),IT and Software,
141436,Senior Data Analyst  ,paper.id,Jakarta Utara,2023-03-16 03:23:51.552949+00:00,Mid-Senior Level Manager,Penuh waktu,Lulus program Sarjana (S1),IT and Software,Information Technology / IT
207239,Budget Officer  ,PaninBank,Jakarta Pusat,2023-04-03 01:53:09.069300+00:00,Lulusan Baru / Junior,Penuh waktu,Lulus program Sarjana (S1),Accounting and Finance,Financial Services
176230,Data Engineer  ,Nomura Research Institute Indonesia,Jakarta Pusat,2023-01-16 03:33:36.631736+00:00,Supervisor / Asisten Manager,Penuh waktu,Lulus program Sarjana (S1),IT and Software,Information Technology / IT
216603,Oracle DBA  ,OGYA,Jakarta,2023-03-27 06:20:46.413166+00:00,Mid-Senior Level Manager,Penuh waktu,Lulus program Sarjana (S1),IT and Software,Information Technology / IT
216603,Oracle DBA  ,OGYA,Jakarta,2023-03-27 06:20:46.413166+00:00,Mid-Senior Level Manager,Penuh waktu,Lulus program Sarjana (S1),IT and Software,Information Technology / IT
219174,Moderation Trainers  ,Gear Inc,Denpasar,2023-04-05 13:29:25.673569+00:00,Supervisor / Asisten Manager,Penuh waktu,Lulus program Sarjana (S1),Human Resources,BPO
219173,Quality Assurance  ,Gear Inc,Denpasar,2023-04-06 02:30:59.221225+00:00,Supervisor / Asisten Manager,Penuh waktu,Lulus program Sarjana (S1),IT and Software,BPO
222560,Operational QA Data Analyst  ,PT BFI Finance Indonesia Tbk,Tangerang,2023-03-30 04:46:47.961738+00:00,Lulusan Baru / Junior,Penuh waktu,Lulus program Sarjana (S1),Administration and Coordination,Financial Services
221474,Data Scientist  ,MileApp,Jakarta Barat,2023-03-10 08:09:39.790430+00:00,Lulusan Baru / Junior,Penuh waktu,Lulus program Sarjana (S1),IT and Software,Information Technology / IT
216866,Business Growth Associate  ,PT Mobilitas Digital Indonesia,Jakarta Timur,2023-04-06 08:23:26.051354+00:00,Supervisor / Asisten Manager,Penuh waktu,Lulus program Sarjana (S1),Sales and Marketing,Logistics & Transportation
217002,Frontend React.Js (Contract Based)  ,Aleph Labs,Jakarta,2023-03-30 03:42:20.639221+00:00,Mid-Senior Level Manager,Kontrak,Lulus program Sarjana (S1),IT and Software,Creative Digital Agency
215831,B2B Sales Manager  ,Dekoruma,Jakarta Barat,2023-04-06 08:15:48.430519+00:00,Mid-Senior Level Manager,Kontrak,Lulus program Sarjana (S1),Sales and Marketing,E-Commerce
219403,Content & Campaign Marketing  ,Astra Financial,Jakarta Pusat,2023-04-10 06:59:59.983495+00:00,Mid-Senior Level Manager,Penuh waktu,Lulus program Sarjana (S1),Sales and Marketing,Financial Services
208449,IT Project Management Officer (Jakarta)  ,PT Akhdani Reka Solusi,Jakarta Pusat,2023-03-31 09:38:36.831215+00:00,Lulusan Baru / Junior,Penuh waktu,Lulus program Sarjana (S1),IT and Software,Information Technology / IT
222320,Digital Marketing - Performance Marketing  ,Simbadda Group,Jakarta,2023-03-27 02:59:17.454354+00:00,Lulusan Baru / Junior,Penuh waktu,Lulus program Sarjana (S1),Sales and Marketing,Consumer Goods
220637,Python Software Engineer  ,SMS Perkasa (PT Sumber Makmur Surya Perkasa),Surabaya,2023-03-28 02:30:52.188113+00:00,Lulusan Baru / Junior,Penuh waktu,Lulus program Sarjana (S1),IT and Software,Building Materials
221651,Learning Operations Manager  ,Rakamin Academy,Jakarta Selatan,2023-04-04 08:15:59.270274+00:00,Mid-Senior Level Manager,Penuh waktu,Lulus program Sarjana (S1),Education and Training,Education Management
221653,Senior System Engineer  ,Packet Systems Indonesia,Jakarta Selatan,2023-03-15 01:49:31.526265+00:00,Mid-Senior Level Manager,Penuh waktu,Lulus program Sarjana (S1),IT and Software,Information Technology / IT
219435,Business Development (B2B Corporate Sales)  ,Algoritma,Jakarta,2023-03-31 01:31:28.677165+00:00,Supervisor / Asisten Manager,Penuh waktu,Lulus program Sarjana (S1),Sales and Marketing,Professional Training
212247,Business Intelligence Developer  ,Magna Solusi Indonesia,Jakarta Selatan,2023-03-31 03:56:46.432405+00:00,Supervisor / Asisten Manager,Penuh waktu,Lulus program Sarjana (S1),IT and Software,Information Technology / IT
221787,Collector  ,Sinar Metrindo Perkasa,Jakarta Barat,2023-04-04 02:48:14.737826+00:00,Lulusan Baru / Junior,Penuh waktu,Lulus program Diploma (D3),General Services,Electrical / Electronic Manufacturing
215588,Sales Officer (Placement in Bali)  ,"DOKU, PT NUSA SATU INTI ARTHA",Jakarta Selatan,2023-04-03 05:25:34.205150+00:00,Supervisor / Asisten Manager,Penuh waktu,Lulus program Sarjana (S1),Sales and Marketing,Financial Services
223008,IT Implementor  ,Code.id,Jakarta,2023-04-11 02:43:10.942374+00:00,Lulusan Baru / Junior,Penuh waktu,Lulus program Sarjana (S1),IT and Software,Information Technology / IT
216381,B2B Commercial Sales Account  ,PT Mobilitas Digital Indonesia,Jakarta Timur,2023-03-31 07:35:38.953837+00:00,Mid-Senior Level Manager,Penuh waktu,Lulus program Diploma (D3),Sales and Marketing,Logistics & Transportation
222283,Senior Back End Developer (Django framework)  ,Blankon Technology Solutions,Malang,2023-04-10 03:48:52.474642+00:00,Mid-Senior Level Manager,Penuh waktu,Lulus program Sarjana (S1),IT and Software,Information Technology / IT
222651,Central Leader  ,PT BFI Finance Indonesia Tbk,Tangerang,2023-04-03 07:40:16.341296+00:00,Lulusan Baru / Junior,Penuh waktu,Lulus program Sarjana (S1),Administration and Coordination,Financial Services
217002,Frontend React.Js (Contract Based)  ,Aleph Labs,Jakarta,2023-03-30 03:42:20.639221+00:00,Mid-Senior Level Manager,Kontrak,Lulus program Sarjana (S1),IT and Software,Creative Digital Agency
216380,Product Development Analyst  ,PT Mobilitas Digital Indonesia,Jakarta Timur,2023-03-27 03:05:00.179586+00:00,Supervisor / Asisten Manager,Penuh waktu,Lulus program Sarjana (S1),IT and Software,Logistics & Transportation
218779,Finance Manager  ,PT Fajar Gelora Inti,Jakarta Pusat,2023-04-03 02:07:26.098040+00:00,Mid-Senior Level Manager,Penuh waktu,Lulus program Sarjana (S1),Accounting and Finance,Building Materials
166273,Credit Analyst (Retail Underwriter Officer)  ,Astra Credit Companies (ACC),Yogyakarta,2023-03-24 02:49:32.365563+00:00,Lulusan Baru / Junior,Penuh waktu,Lulus program Sarjana (S1),Accounting and Finance,Financial Services
208449,IT Project Management Officer (Jakarta)  ,PT Akhdani Reka Solusi,Jakarta Pusat,2023-03-31 09:38:36.831215+00:00,Lulusan Baru / Junior,Penuh waktu,Lulus program Sarjana (S1),IT and Software,Information Technology / IT
221411,Data Scientist  ,Home Credit Indonesia,Jakarta Selatan,2023-03-09 07:03:23.275698+00:00,Supervisor / Asisten Manager,Penuh waktu,Lulus program Sarjana (S1),IT and Software,Hi-Tech Financial Services
222320,Digital Marketing - Performance Marketing  ,Simbadda Group,Jakarta,2023-03-27 02:59:17.454354+00:00,Lulusan Baru / Junior,Penuh waktu,Lulus program Sarjana (S1),Sales and Marketing,Consumer Goods
213605,Data Analytics Head  ,PT BFI Finance Indonesia Tbk,Tangerang,2023-03-14 08:31:14.600763+00:00,Mid-Senior Level Manager,Penuh waktu,Lulus program Sarjana (S1),IT and Software,Financial Services
214999,Account Executive  ,MileApp,Jakarta Barat,2023-03-21 02:14:03.579225+00:00,Lulusan Baru / Junior,Penuh waktu,Lulus program Diploma (D3),Sales and Marketing,Information Technology / IT
208076,IT Application Consultant  ,CARE Technologies,Jakarta Selatan,2023-03-28 07:40:53.734171+00:00,Lulusan Baru / Junior,Penuh waktu,Lulus program Sarjana (S1),IT and Software,Information Technology / IT
221425,Branch Operation Management  ,PT BFI Finance Indonesia Tbk,Tangerang,2023-03-09 09:45:40.165057+00:00,Lulusan Baru / Junior,Penuh waktu,Lulus program Sarjana (S1),Administration and Coordination,Financial Services
222321,Growth Marketing Associate  ,Hangry,Jakarta Barat,2023-03-27 03:00:02.435906+00:00,Supervisor / Asisten Manager,Penuh waktu,Lulus program Sarjana (S1),Sales and Marketing,Food / Beverages
217882,Product Owner  ,PT Global Urban Esensial,Tangerang Selatan,2023-03-24 03:13:46.728383+00:00,Supervisor / Asisten Manager,Penuh waktu,Lulus program Sarjana (S1),IT and Software,Health / Fitness
220867,Accounting Officer  ,PT Majoo Teknologi Indonesia,Jakarta Selatan,2023-03-02 02:47:01.747617+00:00,Mid-Senior Level Manager,Penuh waktu,Lulus program Sarjana (S1),Accounting and Finance,Information Technology / IT
177097,Risk Management Staff  ,Asuransi Astra,Jakarta Selatan,2023-03-21 08:02:09.662446+00:00,Supervisor / Asisten Manager,Penuh waktu,Lulus program Sarjana (S1),Management and Consultancy,Insurance
167693,.Net Developer  ,PT Astra Graphia Information Technology,Jakarta Pusat,2023-04-10 09:08:36.115902+00:00,Supervisor / Asisten Manager,Penuh waktu,Lulus program Sarjana (S1),IT and Software,IT and Software
210154,iOS Developer  ,Perqara,Jakarta Selatan,2023-02-27 06:59:38.842198+00:00,Mid-Senior Level Manager,Penuh waktu,Lulus program Sarjana (S1),IT and Software,Information Technology / IT
222325,Field Audit - Kupang  ,PT BFI Finance Indonesia Tbk,Kupang,2023-03-27 03:00:42.877447+00:00,Lulusan Baru / Junior,Penuh waktu,Lulus program Sarjana (S1),Accounting and Finance,Financial Services
180706,Software Developer  ,Wistkey Technologies Limited / MamaHelpers ,Jakarta Pusat,2023-03-31 02:48:01.361742+00:00,Lulusan Baru / Junior,Penuh waktu,Lulus program Sarjana (S1),IT and Software,Information Technology / IT
211742,Accounting and Finance Officer  ,PT Berlian Sistem Informasi,Jakarta Timur,2023-03-01 09:45:43.588115+00:00,Mid-Senior Level Manager,Kontrak,Lulus program Sarjana (S1),Accounting and Finance,Information Technology / IT
153625,Business Analyst  ,paper.id,Jakarta Utara,2023-03-27 03:02:48.989802+00:00,Mid-Senior Level Manager,Penuh waktu,Lulus program Sarjana (S1),IT and Software,Information Technology / IT
213083,IT Product Management  ,PT Berlian Sistem Informasi,Jakarta Timur,2023-02-23 06:06:04.822383+00:00,Supervisor / Asisten Manager,Penuh waktu,Lulus program Sarjana (S1),IT and Software,Information Technology / IT
220732,Account Manager  ,SEVIMA,Surabaya,2023-02-28 03:00:01.867186+00:00,Supervisor / Asisten Manager,Penuh waktu,Lulus program Diploma (D3),Sales and Marketing,Information Technology / IT
203884,Head of Linux System Administrator  ,Niagahoster,Sleman,2023-03-06 05:48:09.477685+00:00,Mid-Senior Level Manager,Penuh waktu,Lulus program Sarjana (S1),IT and Software,Information Technology / IT
218411,Sales Manager  ,GITS Indonesia,Bandung,2023-03-27 05:42:13.412785+00:00,Mid-Senior Level Manager,Penuh waktu,Lulus program Sarjana (S1),Sales and Marketing,Information Technology / IT
220867,Accounting Officer  ,PT Majoo Teknologi Indonesia,Jakarta Selatan,2023-03-02 02:47:01.747617+00:00,Mid-Senior Level Manager,Penuh waktu,Lulus program Sarjana (S1),Accounting and Finance,Information Technology / IT
210154,iOS Developer  ,Perqara,Jakarta Selatan,2023-02-27 06:59:38.842198+00:00,Mid-Senior Level Manager,Penuh waktu,Lulus program Sarjana (S1),IT and Software,Information Technology / IT
180706,Software Developer  ,Wistkey Technologies Limited / MamaHelpers ,Jakarta Pusat,2023-03-31 02:48:01.361742+00:00,Lulusan Baru / Junior,Penuh waktu,Lulus program Sarjana (S1),IT and Software,Information Technology / IT
167693,.Net Developer  ,PT Astra Graphia Information Technology,Jakarta Pusat,2023-04-10 09:08:36.115902+00:00,Supervisor / Asisten Manager,Penuh waktu,Lulus program Sarjana (S1),IT and Software,IT and Software
222325,Field Audit - Kupang  ,PT BFI Finance Indonesia Tbk,Kupang,2023-03-27 03:00:42.877447+00:00,Lulusan Baru / Junior,Penuh waktu,Lulus program Sarjana (S1),Accounting and Finance,Financial Services
211742,Accounting and Finance Officer  ,PT Berlian Sistem Informasi,Jakarta Timur,2023-03-01 09:45:43.588115+00:00,Mid-Senior Level Manager,Kontrak,Lulus program Sarjana (S1),Accounting and Finance,Information Technology / IT
217891,B2B Sales Executive  ,Dekoruma,Jakarta Barat,2023-03-18 06:51:12.997067+00:00,Supervisor / Asisten Manager,Kontrak,Lulus program Sarjana (S1),Sales and Marketing,E-Commerce
220961,Custodian Leader  ,PT BFI Finance Indonesia Tbk,Tangerang,2023-03-02 09:58:56.932040+00:00,Lulusan Baru / Junior,Penuh waktu,Lulus program Sarjana (S1),Administration and Coordination,Financial Services
153625,Business Analyst  ,paper.id,Jakarta Utara,2023-03-27 03:02:48.989802+00:00,Mid-Senior Level Manager,Penuh waktu,Lulus program Sarjana (S1),IT and Software,Information Technology / IT
194739,IT Microservices Architecture  ,PT Prodia Widyahusada Tbk. (Prodia),Jakarta Pusat,2023-03-02 02:42:37.756344+00:00,Mid-Senior Level Manager,Penuh waktu,Lulus program Sarjana (S1),IT and Software,Hospital / Health Care
166667,Officer Financial Planning & Analysis  ,PT Jalin Pembayaran Nusantara,Jakarta Selatan,2023-03-09 05:59:35.302652+00:00,Mid-Senior Level Manager,Penuh waktu,Lulus program Sarjana (S1),Accounting and Finance,Information Technology / IT
222958,Head Sales & Marketing  ,PT Ocean Centra Furnindo,Jakarta Utara,2023-04-10 02:37:06.300145+00:00,Mid-Senior Level Manager,Penuh waktu,Lulus program Sarjana (S1),Sales and Marketing,Furniture
220732,Account Manager  ,SEVIMA,Surabaya,2023-02-28 03:00:01.867186+00:00,Supervisor / Asisten Manager,Penuh waktu,Lulus program Diploma (D3),Sales and Marketing,Information Technology / IT
221477,Lead Product Manager  ,PT Global Urban Esensial,Tangerang Selatan,2023-03-10 08:16:16.268324+00:00,Mid-Senior Level Manager,Penuh waktu,Lulus program Sarjana (S1),Management and Consultancy,Health / Fitness
222962,Research and Development Intern  ,Hangry,Jakarta Barat,2023-04-11 02:40:41.483548+00:00,Magang / OJT,Penuh waktu,Lulus program Sarjana (S1),Sciences,Food / Beverages
219646,"DevOps, SAP & Data Analyst Bootcamp  ",PT Berlian Sistem Informasi,Jakarta Timur,2023-03-01 08:04:59.319622+00:00,Lulusan Baru / Junior,Penuh waktu,Lulus program Sarjana (S1),IT and Software,Information Technology / IT
216610,Business Development  ,TOMP'S,Jakarta Selatan,2023-03-31 05:34:46.704554+00:00,Supervisor / Asisten Manager,Penuh waktu,Lulus program Sarjana (S1),Sales and Marketing,Information Technology / IT
220401,BFI Finance X Arkavidia - Data Architect  ,PT BFI Finance Indonesia Tbk,Tangerang,2023-02-21 04:23:41.565746+00:00,Mid-Senior Level Manager,Penuh waktu,Lulus program Sarjana (S1),IT and Software,Financial Services
220398,BFI Finance X Arkavidia - Data Engineer  ,PT BFI Finance Indonesia Tbk,Tangerang,2023-02-21 04:27:12.087236+00:00,Supervisor / Asisten Manager,Penuh waktu,Lulus program Sarjana (S1),IT and Software,Financial Services
222391,Engineering Manager  ,PT Alam Sutera Realty Tbk,Tangerang,2023-03-28 02:40:46.301590+00:00,Mid-Senior Level Manager,Penuh waktu,Lulus program Sarjana (S1),Architecture and Engineering,Commercial Real Estate
219557,Chief Financial Officer  ,PT Sinar Mas Digital Ventures,Jakarta Selatan,2023-02-14 06:54:14.797154+00:00,Direktur / Eksekutif,Penuh waktu,Lulus program Sarjana (S1),Accounting and Finance,Venture Capital / VC
166785,IT Quality Assurance Automation - Pakuwon Tower Recruitment Center IGLO  ,PT. Indocyber Global Technology,Jakarta Selatan,2023-04-11 05:48:16.414974+00:00,Lulusan Baru / Junior,Penuh waktu,Lulus program Sarjana (S1),IT and Software,Information Technology / IT
185681,Data Analyst  ,Great Giant Foods,Jakarta Selatan,2023-04-11 07:45:22.719630+00:00,Supervisor / Asisten Manager,Penuh waktu,Lulus program Sarjana (S1),IT and Software,Food Production
221443,API Specialist  ,Astra Financial,Jakarta Pusat,2023-03-10 04:04:17.913587+00:00,Supervisor / Asisten Manager,Penuh waktu,Lulus program Sarjana (S1),IT and Software,Financial Services
182695,Senior Business Intelligence Analyst  ,Kitabisa,Jakarta Selatan,2023-02-17 03:22:43.350155+00:00,Mid-Senior Level Manager,Penuh waktu,Lulus program Sarjana (S1),IT and Software,IT and Software
221031,Centralized Data Processing  ,PT BFI Finance Indonesia Tbk,Tangerang,2023-03-03 08:26:12.347866+00:00,Lulusan Baru / Junior,Penuh waktu,Lulus program Sarjana (S1),Administration and Coordination,Financial Services
220632,Sales Supervisor - SP Sukabumi  ,Sharon Bakery (PT Multi Star Rukun Abadi),Sukabumi,2023-02-24 08:53:50.003280+00:00,Supervisor / Asisten Manager,Penuh waktu,Lulus program Sarjana (S1),Sales and Marketing,Food Production
215414,Senior Software Engineer - Backend (Java) (Remote)  ,Flip.id,Depok,2023-03-03 03:59:05.712933+00:00,Mid-Senior Level Manager,Penuh waktu,Lulus program Sarjana (S1),IT and Software,Financial Services
222716,Actuary Pricing  ,PT Asuransi Allianz Life Indonesia,Jakarta Selatan,2023-04-03 06:23:20.774762+00:00,Mid-Senior Level Manager,Penuh waktu,Lulus program Sarjana (S1),Management and Consultancy,Insurance
222671,Distribution Development Manager Sulawesi  ,Kraft Heinz ABC Indonesia,Makassar,2023-04-03 03:15:21.154305+00:00,Mid-Senior Level Manager,Penuh waktu,Lulus program Sarjana (S1),Sales and Marketing,Food Production
218411,Sales Manager  ,GITS Indonesia,Bandung,2023-03-27 05:42:13.412785+00:00,Mid-Senior Level Manager,Penuh waktu,Lulus program Sarjana (S1),Sales and Marketing,Information Technology / IT
179289,Senior Content Writer  ,paper.id,Jakarta Utara,2023-03-15 06:30:31.219669+00:00,Mid-Senior Level Manager,Penuh waktu,Lulus program Sarjana (S1),Writing and Content,Information Technology / IT
220839,Customer Relations Coordinator  ,Plaza Auto Group ,Jakarta Selatan,2023-03-07 04:01:17.796172+00:00,Lulusan Baru / Junior,Penuh waktu,Lulus program Sarjana (S1),Customer Service,Automotive
222991,Operations Online Staff  ,OY! Indonesia,Jakarta Selatan,2023-04-10 08:53:32.775856+00:00,Lulusan Baru / Junior,Kontrak,Lulus program Sarjana (S1),Customer Service,Information Technology / IT
220478,Credit & Industry Specialist  ,Astra Financial,Jakarta Pusat,2023-04-11 03:27:42.825410+00:00,Mid-Senior Level Manager,Penuh waktu,Lulus program Sarjana (S1),Management and Consultancy,Financial Services
222950,Collection - Penempatan Banyuwangi  ,PT BFI Finance Indonesia Tbk,Banyuwangi,2023-04-06 08:20:12.815401+00:00,Lulusan Baru / Junior,Penuh waktu,Lulus program Diploma (D3),Accounting and Finance,Financial Services
223048,Anti Fraud Officer  ,FIFGROUP,Jakarta Selatan,2023-04-11 08:10:57.769439+00:00,Lulusan Baru / Junior,Penuh waktu,Lulus program Sarjana (S1),IT and Software,Financial Services
222993,Senior Partnership  ,OY! Indonesia,Jakarta Selatan,2023-04-10 08:55:57.468490+00:00,Mid-Senior Level Manager,Penuh waktu,Lulus program Sarjana (S1),Sales and Marketing,Information Technology / IT
222987,Business Intelligence Senior Analyst  ,Kraft Heinz ABC Indonesia,Jakarta Selatan,2023-04-10 08:18:25.684139+00:00,Supervisor / Asisten Manager,Penuh waktu,Lulus program Sarjana (S1),IT and Software,Food Production
222918,SAP S4 HANA – Tech Lead / Analyst  ,Abhidi Solution,Jakarta Pusat,2023-04-06 02:29:43.170657+00:00,Mid-Senior Level Manager,Penuh waktu,Lulus program Sarjana (S1),IT and Software,Information Technology / IT
222997,SAP MM/WM Consultant  ,Abhidi Solution,Jakarta Pusat,2023-04-10 10:05:59.106535+00:00,Mid-Senior Level Manager,Penuh waktu,Lulus program Sarjana (S1),Accounting and Finance,Information Technology / IT
172751,Machine Learning Engineer  ,Nomura Research Institute Indonesia,Jakarta Pusat,2023-01-16 03:32:50.142442+00:00,Supervisor / Asisten Manager,Penuh waktu,Lulus program Sarjana (S1),IT and Software,Information Technology / IT
222979,Admin Finance  ,Kelas Pintar,Jakarta Selatan,2023-04-10 07:06:42.031453+00:00,Lulusan Baru / Junior,Penuh waktu,Lulus program Sarjana (S1),Accounting and Finance,Software Education
222971,iOS Developer  ,PhinCon ,Jakarta Selatan,2023-04-10 04:28:30.077492+00:00,Mid-Senior Level Manager,Penuh waktu,Lulus program Sarjana (S1),IT and Software,
216103,Digital Marketing Specialist  ,TOMP'S,Jakarta Selatan,2023-04-05 07:57:39.810096+00:00,Supervisor / Asisten Manager,Penuh waktu,Lulus program Sarjana (S1),Sales and Marketing,Information Technology / IT
222170,Backend Developer  ,Kompas Gramedia,Jakarta Barat,2023-03-24 02:58:39.108428+00:00,Supervisor / Asisten Manager,Penuh waktu,Lulus program Sarjana (S1),IT and Software,Media Production
217891,B2B Sales Executive  ,Dekoruma,Jakarta Barat,2023-03-18 06:51:12.997067+00:00,Supervisor / Asisten Manager,Kontrak,Lulus program Sarjana (S1),Sales and Marketing,E-Commerce
222618,Asset Officer (Contract-Based)  ,PT Berlian Sistem Informasi,Jakarta Timur,2023-03-31 02:54:03.363905+00:00,Supervisor / Asisten Manager,Penuh waktu,Lulus program Sarjana (S1),General Services,Information Technology / IT
189674,Associate Product Manager (Jakarta and Malang)  ,paper.id,Jakarta Utara,2023-04-06 08:52:15.185378+00:00,Supervisor / Asisten Manager,Penuh waktu,Lulus program Sarjana (S1),IT and Software,Information Technology / IT
134629,Mid-Senior English Content Writer (Digital Content Writer)  ,Niagahoster,Sleman,2023-01-16 07:51:55.775700+00:00,Mid-Senior Level Manager,Penuh waktu,Lulus program Sarjana (S1),Writing and Content,Information Technology / IT
194739,IT Microservices Architecture  ,PT Prodia Widyahusada Tbk. (Prodia),Jakarta Pusat,2023-03-02 02:42:37.756344+00:00,Mid-Senior Level Manager,Penuh waktu,Lulus program Sarjana (S1),IT and Software,Hospital / Health Care
152018,Data Analyst  ,PT Bank Central Asia Tbk,Jakarta Pusat,2023-02-03 08:34:31.075996+00:00,Lulusan Baru / Junior,Penuh waktu,Lulus program Sarjana (S1),Management and Consultancy,Financial Services
222399,Renewal (Retention/Account Management)  ,Lamudi.co.id,Jakarta,2023-03-28 05:00:17.911263+00:00,Lulusan Baru / Junior,Penuh waktu,Lulus program Sarjana (S1),Sales and Marketing,Online Marketing
222694,iOS Developer  ,PT Midas Daya Teknologi,Jakarta,2023-04-11 08:20:39.305129+00:00,Mid-Senior Level Manager,Penuh waktu,Lulus program Sarjana (S1),IT and Software,Information Technology / IT
221455,Mandarin Translator  ,Hastari Corporation,Jakarta Selatan,2023-03-17 03:57:16.883125+00:00,Supervisor / Asisten Manager,Penuh waktu,Lulus program Sarjana (S1),Management and Consultancy,Investment Management / Hedge Fund / Private Equity
185582,Leadership Acceleration Program (LEAP)  ,Great Giant Foods,Jakarta,2023-04-11 05:09:16.856027+00:00,Lulusan Baru / Junior,Penuh waktu,Lulus program Sarjana (S1),Administration and Coordination,Food Production
221613,Sr. DevOps Consultant  ,Packet Systems Indonesia,Jakarta Selatan,2023-03-14 08:06:05.473875+00:00,Mid-Senior Level Manager,Penuh waktu,Lulus program Sarjana (S1),IT and Software,Information Technology / IT
216705,Bancassurance Officer (Area: DKI Jakarta & Jawa Barat)  ,PT Panin Dai-Ichi Life (Bancassurance),Jakarta Pusat,2023-04-03 03:17:24.400994+00:00,Lulusan Baru / Junior,Penuh waktu,Lulus program Diploma (D3),Sales and Marketing,
222381,Account Receivables Officer  ,Jakarta Intercultural School,Jakarta Selatan,2023-03-28 02:35:09.173434+00:00,Supervisor / Asisten Manager,Kontrak,Lulus program Sarjana (S1),Accounting and Finance,Education Management
222516,Custodian Admin  ,PT BFI Finance Indonesia Tbk,Tangerang,2023-03-30 03:43:44.272328+00:00,Lulusan Baru / Junior,Penuh waktu,Lulus program Sarjana (S1),Administration and Coordination,Financial Services
217111,Java Developer  ,28Grup,Jakarta Selatan,2023-03-28 06:16:18.985028+00:00,Supervisor / Asisten Manager,Penuh waktu,Lulus program Sarjana (S1),IT and Software,Nickel Mining
222991,Operations Online Staff  ,OY! Indonesia,Jakarta Selatan,2023-04-10 08:53:32.775856+00:00,Lulusan Baru / Junior,Kontrak,Lulus program Sarjana (S1),Customer Service,Information Technology / IT
220478,Credit & Industry Specialist  ,Astra Financial,Jakarta Pusat,2023-04-11 03:27:42.825410+00:00,Mid-Senior Level Manager,Penuh waktu,Lulus program Sarjana (S1),Management and Consultancy,Financial Services
222950,Collection - Penempatan Banyuwangi  ,PT BFI Finance Indonesia Tbk,Banyuwangi,2023-04-06 08:20:12.815401+00:00,Lulusan Baru / Junior,Penuh waktu,Lulus program Diploma (D3),Accounting and Finance,Financial Services
223048,Anti Fraud Officer  ,FIFGROUP,Jakarta Selatan,2023-04-11 08:10:57.769439+00:00,Lulusan Baru / Junior,Penuh waktu,Lulus program Sarjana (S1),IT and Software,Financial Services
222993,Senior Partnership  ,OY! Indonesia,Jakarta Selatan,2023-04-10 08:55:57.468490+00:00,Mid-Senior Level Manager,Penuh waktu,Lulus program Sarjana (S1),Sales and Marketing,Information Technology / IT
222997,SAP MM/WM Consultant  ,Abhidi Solution,Jakarta Pusat,2023-04-10 10:05:59.106535+00:00,Mid-Senior Level Manager,Penuh waktu,Lulus program Sarjana (S1),Accounting and Finance,Information Technology / IT
216103,Digital Marketing Specialist  ,TOMP'S,Jakarta Selatan,2023-04-05 07:57:39.810096+00:00,Supervisor / Asisten Manager,Penuh waktu,Lulus program Sarjana (S1),Sales and Marketing,Information Technology / IT
221947,Customer Development Leader - Food Service (CDL FS) Jakarta  ,Kraft Heinz ABC Indonesia,Jakarta Selatan,2023-03-21 04:22:37.582201+00:00,Supervisor / Asisten Manager,Kontrak,Lulus program Diploma (D3),Sales and Marketing,Food Production
222165,Risk Manager | PinjamModal  ,PT BFI Finance Indonesia Tbk,Tangerang,2023-03-24 02:56:04.151657+00:00,Mid-Senior Level Manager,Penuh waktu,Lulus program Sarjana (S1),Management and Consultancy,Financial Services
152018,Data Analyst  ,PT Bank Central Asia Tbk,Jakarta Pusat,2023-02-03 08:34:31.075996+00:00,Lulusan Baru / Junior,Penuh waktu,Lulus program Sarjana (S1),Management and Consultancy,Financial Services
221455,Mandarin Translator  ,Hastari Corporation,Jakarta Selatan,2023-03-17 03:57:16.883125+00:00,Supervisor / Asisten Manager,Penuh waktu,Lulus program Sarjana (S1),Management and Consultancy,Investment Management / Hedge Fund / Private Equity
221928,Product Development Specialist | PinjamModal  ,PT BFI Finance Indonesia Tbk,Tangerang,2023-03-17 09:08:32.884172+00:00,Supervisor / Asisten Manager,Penuh waktu,Lulus program Sarjana (S1),Management and Consultancy,Financial Services
219422,.NET Developer  ,MITech,Jakarta,2023-04-10 03:36:33.975524+00:00,Lulusan Baru / Junior,Penuh waktu,Lulus program Sarjana (S1),IT and Software,Information Technology / IT
221613,Sr. DevOps Consultant  ,Packet Systems Indonesia,Jakarta Selatan,2023-03-14 08:06:05.473875+00:00,Mid-Senior Level Manager,Penuh waktu,Lulus program Sarjana (S1),IT and Software,Information Technology / IT
222165,Risk Manager | PinjamModal  ,PT BFI Finance Indonesia Tbk,Tangerang,2023-03-24 02:56:04.151657+00:00,Mid-Senior Level Manager,Penuh waktu,Lulus program Sarjana (S1),Management and Consultancy,Financial Services
111464,Product Manager  ,FinAccel,Jakarta Selatan,2023-02-02 03:43:59.195028+00:00,Mid-Senior Level Manager,Penuh waktu,Lulus program Sarjana (S1),IT and Software,Financial Services
221967,Product Manager  ,Trimegah Sekuritas Indonesia,Jakarta Selatan,2023-03-20 08:02:48.883265+00:00,Supervisor / Asisten Manager,Penuh waktu,Lulus program Sarjana (S1),IT and Software,Financial Services
222516,Custodian Admin  ,PT BFI Finance Indonesia Tbk,Tangerang,2023-03-30 03:43:44.272328+00:00,Lulusan Baru / Junior,Penuh waktu,Lulus program Sarjana (S1),Administration and Coordination,Financial Services
219624,President Director  ,PT Sinar Mas Digital Ventures,Surabaya,2023-02-09 04:20:40.879356+00:00,Direktur / Eksekutif,Penuh waktu,Lulus program Sarjana (S1),Management and Consultancy,Venture Capital / VC
185638,IT Business Information  ,Asuransi Astra,Jakarta Selatan,2023-03-30 07:11:51.264767+00:00,Supervisor / Asisten Manager,Penuh waktu,Lulus program Sarjana (S1),IT and Software,Insurance
208158,Network Engineer  ,PT Mastersystem Infotama,Jakarta Pusat,2023-04-11 02:48:38.355293+00:00,Lulusan Baru / Junior,Penuh waktu,Lulus program Diploma (D3),IT and Software,IT and Software
222416,System Analyst  ,PT Midas Daya Teknologi,Jakarta,2023-03-28 07:09:11.242718+00:00,Mid-Senior Level Manager,Penuh waktu,Lulus program Sarjana (S1),IT and Software,Information Technology / IT
199137,Branch Administration Officer  ,Marga Nusantara Jaya,Jakarta Timur,2023-01-04 02:36:20.114116+00:00,Lulusan Baru / Junior,Penuh waktu,Lulus program Sarjana (S1),Administration and Coordination,Pharmaceuticals
222965,Data Analytics Intern  ,Ivosights,Jakarta Selatan,2023-04-10 03:03:47.693156+00:00,Magang / OJT,Kontrak,Lulus program Sarjana (S1),Sciences,Information Technology / IT
109104,Fullstack Engineer  ,FinAccel,Jakarta Pusat,2023-01-03 04:14:42.722384+00:00,Supervisor / Asisten Manager,Penuh waktu,Lulus program Sarjana (S1),IT and Software,Financial Services
220557,IBM Cognos TM1  ,PT Astra Graphia Information Technology,Jakarta Pusat,2023-02-23 07:36:26.109223+00:00,Mid-Senior Level Manager,Kontrak,Lulus program Sarjana (S1),IT and Software,IT and Software
220322,Dealer Financing Car Supervisor (Surabaya-Sidoarjo)  ,PT BFI Finance Indonesia Tbk,Surabaya,2023-02-20 05:11:11.753019+00:00,Supervisor / Asisten Manager,Penuh waktu,Lulus program Sarjana (S1),Sales and Marketing,Financial Services
110900,Backend Engineer  ,FinAccel,Jakarta Pusat,2023-01-03 05:04:56.857414+00:00,Supervisor / Asisten Manager,Penuh waktu,Lulus program Sarjana (S1),IT and Software,Financial Services
220383,BFI Finance X Arkavidia - Technical Lead  ,PT BFI Finance Indonesia Tbk,Tangerang Selatan,2023-02-21 03:06:31.962084+00:00,Direktur / Eksekutif,Penuh waktu,Lulus program Sarjana (S1),IT and Software,Financial Services
207214,Tech Lead (Jakarta and Malang)  ,paper.id,Jakarta Utara,2023-03-28 02:31:42.844828+00:00,Mid-Senior Level Manager,Penuh waktu,Lulus program Sarjana (S1),IT and Software,Information Technology / IT
220265,Head of Corporate Sales  ,Alodokter,Jakarta Selatan,2023-02-20 03:21:22.048230+00:00,Mid-Senior Level Manager,Penuh waktu,Lulus program Sarjana (S1),Sales and Marketing,Health Tech
221026,Partnership & Program Development Specialist  ,PT BFI Finance Indonesia Tbk,Tangerang,2023-03-03 08:05:08.331127+00:00,Lulusan Baru / Junior,Penuh waktu,Lulus program Sarjana (S1),Sales and Marketing,Financial Services
220753,Senior UX Researcher  ,FinAccel,Jakarta Selatan,2023-02-28 04:49:28.211232+00:00,Mid-Senior Level Manager,Penuh waktu,Lulus program Sarjana (S1),IT and Software,Financial Services
222864,Design Internship  ,Little Palmerhaus (PT Indo Trade Cemerlang),Tangerang,2023-04-06 05:01:11.839402+00:00,Magang / OJT,Penuh waktu,Lulus program Sarjana (S1),Media and Creatives,Apparel / Fashion
220811,Data Engineer | PinjamModal  ,PT BFI Finance Indonesia Tbk,Tangerang,2023-03-01 05:19:34.189517+00:00,Mid-Senior Level Manager,Penuh waktu,Lulus program Sarjana (S1),IT and Software,Financial Services
160917,Back-end Engineer  ,Investree,Jakarta Selatan,2023-03-20 04:19:13.176050+00:00,Mid-Senior Level Manager,Penuh waktu,Lulus program Sarjana (S1),IT and Software,Lending Marketplace
149091,IT Security Specialist  ,Home Credit Indonesia,Jakarta Selatan,2023-04-04 02:45:05.665806+00:00,Mid-Senior Level Manager,Penuh waktu,Lulus program Sarjana (S1),IT and Software,Hi-Tech Financial Services
218513,Full Stack Engineer  ,PT Transnovasi Bangun Persada,Jakarta,2023-04-06 06:18:43.349523+00:00,Mid-Senior Level Manager,Penuh waktu,Lulus program Sarjana (S1),IT and Software,Information Technology / IT
121157,DevOps Engineer (Jakarta and Malang)  ,paper.id,Jakarta Utara,2023-03-15 06:27:18.943349+00:00,Mid-Senior Level Manager,Penuh waktu,Lulus program Sarjana (S1),IT and Software,Information Technology / IT
158539,System Administrator  ,Niagahoster,Sleman,2023-02-21 10:09:41.714814+00:00,Lulusan Baru / Junior,Penuh waktu,Lulus program Sarjana (S1),IT and Software,Information Technology / IT
217707,IT Developer  ,PT Adi Data Informatika,Jakarta Barat,2023-01-12 08:47:54.653231+00:00,Supervisor / Asisten Manager,Kontrak,Lulus program Sarjana (S1),IT and Software,Information Technology / IT
220458,Head of Sales  ,Tinkerlust,Jakarta Selatan,2023-02-22 02:41:42.910694+00:00,Mid-Senior Level Manager,Penuh waktu,Lulus program Sarjana (S1),Sales and Marketing,Fashion E-Commerce
121157,DevOps Engineer (Jakarta and Malang)  ,paper.id,Jakarta Utara,2023-03-15 06:27:18.943349+00:00,Mid-Senior Level Manager,Penuh waktu,Lulus program Sarjana (S1),IT and Software,Information Technology / IT
221431,IT Asset Management Staff  ,PT Bank Central Asia Tbk,Jakarta Pusat,2023-03-10 09:10:10.577421+00:00,Lulusan Baru / Junior,Penuh waktu,Lulus program Sarjana (S1),IT and Software,Financial Services
220050,Functional Consultant  ,"PT Metrodata Electronics, Tbk",Jakarta,2023-02-15 04:41:28.354877+00:00,Lulusan Baru / Junior,Penuh waktu,Lulus program Sarjana (S1),IT and Software,IT and Software
158539,System Administrator  ,Niagahoster,Sleman,2023-02-21 10:09:41.714814+00:00,Lulusan Baru / Junior,Penuh waktu,Lulus program Sarjana (S1),IT and Software,Information Technology / IT
207877,Account Manager (Mandarin Speaker)  ,Moneta Pay,Jakarta Barat,2022-12-23 04:23:22.736819+00:00,Mid-Senior Level Manager,Penuh waktu,Lulus program Sarjana (S1),Sales and Marketing,Financial Services
220458,Head of Sales  ,Tinkerlust,Jakarta Selatan,2023-02-22 02:41:42.910694+00:00,Mid-Senior Level Manager,Penuh waktu,Lulus program Sarjana (S1),Sales and Marketing,Fashion E-Commerce
209595,SAP MM Consultant  ,Accenture,Jakarta Pusat,2022-12-02 08:14:33.077800+00:00,Supervisor / Asisten Manager,Penuh waktu,Lulus program Sarjana (S1),IT and Software,Management Consulting
222695,Business Operation Associate  ,paper.id,Jakarta Utara,2023-04-03 04:57:36.768230+00:00,Lulusan Baru / Junior,Penuh waktu,Lulus program Diploma (D3),IT and Software,Information Technology / IT
131203,IT Security Architect  ,Asuransi Astra,Jakarta Selatan,2023-02-13 03:15:36.109405+00:00,Mid-Senior Level Manager,Penuh waktu,Lulus program Sarjana (S1),IT and Software,Insurance
216204,Salesforce Developer  ,Mitra Solusi Infokom,Jakarta Barat,2023-03-29 03:17:55.358415+00:00,Lulusan Baru / Junior,Penuh waktu,Lulus program Diploma (D3),IT and Software,Information Technology / IT
168865,Relationship Manager  ,Investree,Jakarta Selatan,2023-03-20 07:00:10.940946+00:00,Supervisor / Asisten Manager,Penuh waktu,Lulus program Sarjana (S1),Sales and Marketing,Lending Marketplace
223045,Distribution Development Manager Sumatera II  ,Kraft Heinz ABC Indonesia,Palembang,2023-04-11 07:46:53.695669+00:00,Mid-Senior Level Manager,Penuh waktu,Lulus program Sarjana (S1),Sales and Marketing,Food Production
219710,HR Compensation & Benefits  ,GITS Indonesia,Bandung,2023-04-11 03:09:32.224668+00:00,Supervisor / Asisten Manager,Penuh waktu,Lulus program Sarjana (S1),Human Resources,Information Technology / IT
221356,Distribution Development Manager Sumatera I  ,Kraft Heinz ABC Indonesia,Medan,2023-04-11 06:54:53.029603+00:00,Mid-Senior Level Manager,Penuh waktu,Lulus program Sarjana (S1),Sales and Marketing,Food Production
222673,Field Asset Management - Lombok Barat  ,PT BFI Finance Indonesia Tbk,West Lombok,2023-04-03 03:19:35.059794+00:00,Lulusan Baru / Junior,Penuh waktu,Lulus program Diploma (D3),Accounting and Finance,Financial Services
131203,IT Security Architect  ,Asuransi Astra,Jakarta Selatan,2023-02-13 03:15:36.109405+00:00,Mid-Senior Level Manager,Penuh waktu,Lulus program Sarjana (S1),IT and Software,Insurance
168865,Relationship Manager  ,Investree,Jakarta Selatan,2023-03-20 07:00:10.940946+00:00,Supervisor / Asisten Manager,Penuh waktu,Lulus program Sarjana (S1),Sales and Marketing,Lending Marketplace
220383,BFI Finance X Arkavidia - Technical Lead  ,PT BFI Finance Indonesia Tbk,Tangerang Selatan,2023-02-21 03:06:31.962084+00:00,Direktur / Eksekutif,Penuh waktu,Lulus program Sarjana (S1),IT and Software,Financial Services
221242,Senior Presales Engineer  ,PT Mastersystem Infotama,Jakarta Pusat,2023-03-07 04:04:34.109027+00:00,Mid-Senior Level Manager,Penuh waktu,Lulus program Sarjana (S1),IT and Software,IT and Software
217834,Lead Digital Strategic - Digital Agency  ,Kompas Gramedia,Jakarta Barat,2023-01-16 03:15:52.168540+00:00,Supervisor / Asisten Manager,Penuh waktu,Lulus program Sarjana (S1),Sales and Marketing,Media Production
204865,Product Manager (Jakarta and Malang)  ,paper.id,Jakarta Utara,2023-04-06 02:22:47.906282+00:00,Mid-Senior Level Manager,Penuh waktu,Lulus program Sarjana (S1),IT and Software,Information Technology / IT
214824,SALES ADMINISTRATION OFFICER  ,Marga Nusantara Jaya,Jakarta Timur,2022-11-18 03:36:16.087867+00:00,Lulusan Baru / Junior,Penuh waktu,Lulus program Sarjana (S1),Administration and Coordination,Pharmaceuticals
160917,Back-end Engineer  ,Investree,Jakarta Selatan,2023-03-20 04:19:13.176050+00:00,Mid-Senior Level Manager,Penuh waktu,Lulus program Sarjana (S1),IT and Software,Lending Marketplace
222914,System & Cloud Engineer  ,"DOKU, PT NUSA SATU INTI ARTHA",Jakarta Selatan,2023-04-06 02:25:24.030679+00:00,Lulusan Baru / Junior,Penuh waktu,Lulus program Sarjana (S1),IT and Software,Financial Services
149091,IT Security Specialist  ,Home Credit Indonesia,Jakarta Selatan,2023-04-04 02:45:05.665806+00:00,Mid-Senior Level Manager,Penuh waktu,Lulus program Sarjana (S1),IT and Software,Hi-Tech Financial Services
216821,Risk Infrastructure & Reliability Specialist  ,Investree,Jakarta,2023-03-24 03:07:34.595656+00:00,Lulusan Baru / Junior,Penuh waktu,Lulus program Sarjana (S1),IT and Software,Lending Marketplace
206700,Backend Developer  ,PCS Group,Tangerang Selatan,2023-02-22 05:49:43.388351+00:00,Supervisor / Asisten Manager,Penuh waktu,Lulus program Sarjana (S1),IT and Software,Information Technology / IT
218414,DevOps Engineer  ,GITS Indonesia,Bandung,2023-03-21 03:28:05.818198+00:00,Mid-Senior Level Manager,Penuh waktu,Lulus program Sarjana (S1),IT and Software,Information Technology / IT
209595,SAP MM Consultant  ,Accenture,Jakarta Pusat,2022-12-02 08:14:33.077800+00:00,Supervisor / Asisten Manager,Penuh waktu,Lulus program Sarjana (S1),IT and Software,Management Consulting
221733,Risk Underwriting Technology Analyst  ,Home Credit Indonesia,Jakarta Selatan,2023-03-15 07:49:51.933394+00:00,Supervisor / Asisten Manager,Penuh waktu,Lulus program Sarjana (S1),IT and Software,Hi-Tech Financial Services
216821,Risk Infrastructure & Reliability Specialist  ,Investree,Jakarta,2023-03-24 03:07:34.595656+00:00,Lulusan Baru / Junior,Penuh waktu,Lulus program Sarjana (S1),IT and Software,Lending Marketplace
217834,Lead Digital Strategic - Digital Agency  ,Kompas Gramedia,Jakarta Barat,2023-01-16 03:15:52.168540+00:00,Supervisor / Asisten Manager,Penuh waktu,Lulus program Sarjana (S1),Sales and Marketing,Media Production
206700,Backend Developer  ,PCS Group,Tangerang Selatan,2023-02-22 05:49:43.388351+00:00,Supervisor / Asisten Manager,Penuh waktu,Lulus program Sarjana (S1),IT and Software,Information Technology / IT
197066,ETL Developer  ,PT Bumi Amartha Teknologi Mandiri,Jakarta Selatan,2023-01-02 02:36:09.964771+00:00,Mid-Senior Level Manager,Penuh waktu,Lulus program Sarjana (S1),IT and Software,Information Technology / IT
109119,QA Engineer (Mobile)  ,FinAccel,Jakarta Selatan,2023-02-28 03:51:52.465609+00:00,Mid-Senior Level Manager,Penuh waktu,Lulus program Sarjana (S1),IT and Software,Financial Services
220460,Corporate Communication Staff  ,PT BFI Finance Indonesia Tbk,Tangerang,2023-02-22 03:06:37.211009+00:00,Lulusan Baru / Junior,Penuh waktu,Lulus program Sarjana (S1),Sales and Marketing,Financial Services
217769,Back End Developer  ,PT Bumi Amartha Teknologi Mandiri,Jakarta Selatan,2023-03-16 05:54:49.539229+00:00,Lulusan Baru / Junior,Kontrak,Lulus program Sarjana (S1),IT and Software,Information Technology / IT
188665,IT HR System Specialist  ,Great Giant Foods,Central Lampung,2023-04-11 08:04:20.011547+00:00,Lulusan Baru / Junior,Penuh waktu,Lulus program Sarjana (S1),IT and Software,Food Production
216710,Bancassurance Officer (Area: Jawa Timur & Jawa Tengah)  ,PT Panin Dai-Ichi Life (Bancassurance),Surabaya,2023-03-31 02:53:12.672746+00:00,Lulusan Baru / Junior,Penuh waktu,Lulus program Diploma (D3),Sales and Marketing,
221733,Risk Underwriting Technology Analyst  ,Home Credit Indonesia,Jakarta Selatan,2023-03-15 07:49:51.933394+00:00,Supervisor / Asisten Manager,Penuh waktu,Lulus program Sarjana (S1),IT and Software,Hi-Tech Financial Services
222782,Maintenance Manager  ,GITS Indonesia,Bandung,2023-04-04 02:57:45.234185+00:00,Mid-Senior Level Manager,Penuh waktu,Lulus program Sarjana (S1),IT and Software,Information Technology / IT
220399,BFI Finance X Arkavidia - Data Scientist  ,PT BFI Finance Indonesia Tbk,Tangerang,2023-02-21 04:22:28.404747+00:00,Supervisor / Asisten Manager,Penuh waktu,Lulus program Sarjana (S1),IT and Software,Financial Services
221977,Relationship Manager (Surabaya based)  ,Investree,Surabaya,2023-04-04 04:33:48.175318+00:00,Supervisor / Asisten Manager,Penuh waktu,Lulus program Sarjana (S1),Sales and Marketing,Lending Marketplace
222720,Business Development Internship (Thudio)  ,Dekoruma,Jakarta Barat,2023-04-03 07:20:51.615787+00:00,Magang / OJT,Kontrak,Lulus program Sarjana (S1),Sales and Marketing,E-Commerce
219729,Account Executive  ,Compas.co.id,Jakarta Pusat,2023-02-10 06:58:20.417306+00:00,Mid-Senior Level Manager,Penuh waktu,Lulus program Sarjana (S1),Sales and Marketing,Information Technology / IT
221616,Data Analyst  ,Packet Systems Indonesia,Jakarta Selatan,2023-03-14 08:14:55.818530+00:00,Supervisor / Asisten Manager,Penuh waktu,Lulus program Sarjana (S1),IT and Software,Information Technology / IT
148971,IT Risk and Compliance Specialist  ,Home Credit Indonesia (Recruitment Page for TECHNOLOGY team),Jakarta Selatan,2023-04-04 02:47:27.026151+00:00,Mid-Senior Level Manager,Penuh waktu,Lulus program Sarjana (S1),IT and Software,
219898,"Audit, Data Analytics  ",Permata Bank,Tangerang,2023-02-14 03:14:36.286017+00:00,Mid-Senior Level Manager,Penuh waktu,Lulus program Sarjana (S1),Accounting and Finance,Banking / Mortgage
222561,Product Manager (EdTech)  ,PT Synergy Academy Indonesia,Jakarta,2023-03-30 04:50:25.065582+00:00,Mid-Senior Level Manager,Penuh waktu,Lulus program Sarjana (S1),Management and Consultancy,E-Learning
94628,Data Center System Operator & Facility Management  ,PT Bank Central Asia Tbk,Jakarta Pusat,2022-11-25 10:40:20.296890+00:00,Lulusan Baru / Junior,Penuh waktu,Lulus program Sarjana (S1),IT and Software,Financial Services
222985,Senior Project Officer  ,Jaris & K,Jakarta Selatan,2023-04-10 07:28:07.196242+00:00,Mid-Senior Level Manager,Penuh waktu,Lulus program Sarjana (S1),Media and Creatives,Marketing / Advertising / Sales
220515,Operations Lead  ,PT Sinar Mas Digital Ventures,Bekasi,2023-02-23 02:50:07.299937+00:00,Mid-Senior Level Manager,Penuh waktu,Lulus program Sarjana (S1),Architecture and Engineering,Venture Capital / VC
217572,Quality Assurance Tester  ,PT Adi Data Informatika,Jakarta Barat,2023-01-10 09:57:55.188623+00:00,Lulusan Baru / Junior,Penuh waktu,Lulus program Sarjana (S1),IT and Software,Information Technology / IT
217685,"Bancassurance Officer (Area: Bali, Mataram, Surabaya, Kendari, Solo, Manado, Palembang)  ",PT Panin Dai-Ichi Life (Bancassurance),Surabaya,2023-04-10 02:43:35.337153+00:00,Lulusan Baru / Junior,Penuh waktu,Lulus program Diploma (D3),Sales and Marketing,
221806,Network Engineer (L2)  ,Packet Systems Indonesia,Jakarta Selatan,2023-03-16 04:38:46.330443+00:00,Mid-Senior Level Manager,Penuh waktu,Lulus program Sarjana (S1),IT and Software,Information Technology / IT
220510,Business Analyst  ,PT BFI Finance Indonesia Tbk,Tangerang,2023-02-22 10:02:40.576858+00:00,Lulusan Baru / Junior,Penuh waktu,Lulus program Sarjana (S1),Sales and Marketing,Financial Services
221536,Outbound Sales Officer  ,PT Gema Mulia Semesta (SOUVIA),Bogor,2023-04-04 07:45:38.707256+00:00,Lulusan Baru / Junior,Penuh waktu,Lulus program Sarjana (S1),Sales and Marketing,
220794,Back End (PHP) Developer [CONTRACT BASED]  ,Aleph Labs,Jakarta Selatan,2023-03-01 03:08:07.285403+00:00,Mid-Senior Level Manager,Kontrak,Lulus program Sarjana (S1),IT and Software,Creative Digital Agency
220174,Senior Associate Center of Operations and Financial Excellence (COFE)  ,Tokopedia,Jakarta Selatan,2023-02-16 09:43:11.951446+00:00,Mid-Senior Level Manager,Penuh waktu,Lulus program Sarjana (S1),Management and Consultancy,E-Commerce
199917,DevOps Engineer  ,Dans Multi Pro,Jakarta Selatan,2022-10-06 10:55:57.793036+00:00,Mid-Senior Level Manager,Penuh waktu,Lulus program Sarjana (S1),IT and Software,Information Technology / IT
